Rank,Social Trend Name,Underlying Topic,Related Terms (Clean),Related Terms with Sources,Related Hashtags,Key Sources
1,GLP-1 Stack Economy,Metabolic optimization via GLP-1 medications and complementary protocols,Mounjaro; Zepbound; semaglutide; GLP-1 receptor agonist; dose titration; weight loss medication; Second Nature; GLP-1 gaming; metabolic health; weight loss protocol; tirzepatide; remote weight management; telehealth GLP-1,Mounjaro (www.goodrx.com); Zepbound (www.goodrx.com); semaglutide (pmc.ncbi.nlm.nih.gov); GLP-1 receptor agonist (pmc.ncbi.nlm.nih.gov); dose titration (www.goodrx.com); weight loss medication (www.goodrx.com); Second Nature (pmc.ncbi.nlm.nih.gov); GLP-1 gaming (implied from trend definition); metabolic health (www.goodrx.com); weight loss protocol (pmc.ncbi.nlm.nih.gov); tirzepatide (pmc.ncbi.nlm.nih.gov); remote weight management (pmc.ncbi.nlm.nih.gov); telehealth GLP-1 (pmc.ncbi.nlm.nih.gov),#biohacking; #healthylifestyle; #wellness; #weightloss; #metabolichealth; #glp1; #mounjarojourney; #weightlossmedication; #telehealth,GoodRx Mounjaro Dosage Guide (www.goodrx.com); NIH GLP-1 Specialist Weight Management Study (pmc.ncbi.nlm.nih.gov); Best #coldplunge Hashtags (best-hashtags.com)
2,Carnivore Protocol Challenge,Zero-carbohydrate elimination diet experimentation,Lion Diet; ruminant meat; nose-to-tail; animal-based diet; carnivore experiment; beef salt and water; carnivore journey; 30-day carnivore challenge; elimination diet; meat-only diet; grass-fed regenerative meat,Lion Diet (app.gocarnivore.com); ruminant meat (app.gocarnivore.com); nose-to-tail (peacefulheartfarm.com); animal-based diet (paulsaladinomd.com); carnivore experiment (www.youtube.com); beef salt and water (www.youtube.com); carnivore journey (implied from sources); 30-day carnivore challenge (app.gocarnivore.com); elimination diet (app.gocarnivore.com); meat-only diet (paulsaladinomd.com); grass-fed regenerative meat (nosetotail.org),#liondiet; #carnivorediet; #animalbaseddiet; #nosettotail; #carnivorejourney; #carnivorechallenge; #meatonly; #grassfed; #regenerativeagriculture; #beefonly,GoCarnivore Lion Diet 30-Day Challenge (app.gocarnivore.com); Peaceful Heart Farm Nose to Tail Beef (peacefulheartfarm.com); YouTube Beef Salt Water (www.youtube.com); Paul Saladino Animal-Based Diet (paulsaladinomd.com); Nose to Tail regenerative meat (nosetotail.org)
3,Cold Plunging Challenge,Cold exposure optimization and Wim Hof method variations,Cold plunge; ice bath; Wim Hof method; cold exposure; cold water therapy; cryotherapy; cold water swimming; ice bath protocol; breathwork; cold shock therapy; Wim Hof breathing,Cold plunge (best-hashtags.com); ice bath (best-hashtags.com); Wim Hof method (www.vervefitness.com.au); cold exposure (www.vervefitness.com.au); cold water therapy (best-hashtags.com); cryotherapy (best-hashtags.com); cold water swimming (best-hashtags.com); ice bath protocol (www.vervefitness.com.au); breathwork (best-hashtags.com); cold shock therapy (implied from sources); Wim Hof breathing (www.vervefitness.com.au),#coldplunge; #icebath; #wimhofmethod; #wimhof; #coldwatertherapy; #coldtherapy; #cryotherapy; #breathwork; #coldwaterswimming; #coldexposure; #biohacking; #healthylifestyle; #wellness; #mentalhealth; #meditation,Verve Fitness Wim Hof Cold Plunge Benefits (www.vervefitness.com.au); Best Hashtags for #coldplunge (best-hashtags.com)
4,Extended Fasting Protocol,Prolonged caloric restriction and autophagy protocols,Extended fast; prolonged fasting; Snake Diet; dry fasting; OMAD; water fast; 7-day fast; Snake Juice; intermittent fasting; fasting challenge; autophagy; cellular cleanup; metabolic shift,Extended fast (www.sciencedaily.com); prolonged fasting (www.healthline.com); Snake Diet (www.healthline.com); dry fasting (www.healthline.com); OMAD (best-hashtags.com); water fast (www.bodyspec.com); 7-day fast (www.bodyspec.com); Snake Juice (www.healthline.com); intermittent fasting (best-hashtags.com); fasting challenge (best-hashtags.com); autophagy (www.bodyspec.com); cellular cleanup (www.bodyspec.com); metabolic shift (www.bodyspec.com),#fasting; #intermittentfasting; #waterfastdetox; #fastingforweightloss; #fastingforhealth; #OMAD; #onemealaday; #fastingtips; #fastingjourney; #dryfast; #snakedicet; #keto; #weightloss; #autophagy; #cellularhealth; #fasting #keto; #intermittentfasting; #fasting; #fasting #detox,Healthline Snake Diet Review (www.healthline.com); ScienceDaily Extended Fasting Study (www.sciencedaily.com); BodySpec 7-Day Water Fast (www.bodyspec.com); Best Hashtags for #fasting (best-hashtags.com)
5,NAD+ Optimization Stack,Nicotinamide adenine dinucleotide supplementation for cellular longevity,NAD+; NMN; nicotinamide mononucleotide; nicotinamide riboside; sirtuin activation; sirtuins; NAD boosting; resveratrol; David Sinclair protocol; mitochondrial optimization; cellular repair; SIRT1; SIRT6; NAD precursor,NAD+ (pmc.ncbi.nlm.nih.gov); NMN (pmc.ncbi.nlm.nih.gov); nicotinamide mononucleotide (pmc.ncbi.nlm.nih.gov); nicotinamide riboside (pmc.ncbi.nlm.nih.gov); sirtuin activation (pmc.ncbi.nlm.nih.gov); sirtuins (pmc.ncbi.nlm.nih.gov); NAD boosting (pmc.ncbi.nlm.nih.gov); resveratrol (pmc.ncbi.nlm.nih.gov); David Sinclair protocol (mitohealth.com); mitochondrial optimization (mitohealth.com); cellular repair (mitohealth.com); SIRT1 (pmc.ncbi.nlm.nih.gov); SIRT6 (pmc.ncbi.nlm.nih.gov); NAD precursor (pmc.ncbi.nlm.nih.gov),#NAD+; #NMN; #longevity; #antiaging; #mitochondrial; #cellular; #sirtuins; #biohacking; #healthyaging,NIH NAD+ and Sirtuin Activation (pmc.ncbi.nlm.nih.gov); Mito Health David Sinclair Protocol (mitohealth.com); Biohackr NMN (www.biohackr.health); NIH SIRT1 and Resveratrol (pmc.ncbi.nlm.nih.gov)
6,CGM Hacking for Metabolic Personalization,Continuous glucose monitoring in non-diabetic populations for dietary optimization,CGM; continuous glucose monitor; glucose spike; blood sugar; metabolic personalization; glucose stability; Glucose Goddess; Signos; food response; glucose response; CGM experiment; continuous glucose monitoring; metabolic profiling,CGM (www.youtube.com); continuous glucose monitor (www.youtube.com); glucose spike (www.glucosegoddess.com); blood sugar (www.youtube.com); metabolic personalization (www.youtube.com); glucose stability (www.youtube.com); Glucose Goddess (www.glucosegoddess.com); Signos (www.youtube.com); food response (www.youtube.com); glucose response (www.youtube.com); CGM experiment (www.youtube.com); continuous glucose monitoring (www.youtube.com); metabolic profiling (www.youtube.com),#glucosespike; #bloodsugar; #metabolic; #CGM; #glucosegoddess; #metabolichealth; #healthylifestyle; #biohacking,YouTube Glucose Spikes (www.youtube.com); Glucose Goddess Website (www.glucosegoddess.com); YouTube Food Blood Sugar (www.youtube.com)
7,Grounding and Earthing Protocol,Barefoot earth contact for bioelectrical health,Grounding; earthing; barefoot earth contact; barefoot walking; forest bathing; grounding products; earthing mat; grounding sheet; skin contact with earth; bioelectrical health; Earthing®; earthing patches; grounding rod,Grounding (pmc.ncbi.nlm.nih.gov); earthing (pmc.ncbi.nlm.nih.gov); barefoot earth contact (pmc.ncbi.nlm.nih.gov); barefoot walking (ouraring.com); forest bathing (ouraring.com); grounding products (earthing.com); earthing mat (earthing.com); grounding sheet (pmc.ncbi.nlm.nih.gov); skin contact with earth (pmc.ncbi.nlm.nih.gov); bioelectrical health (pmc.ncbi.nlm.nih.gov); Earthing® (earthing.com); earthing patches (earthing.com); grounding rod (ouraring.com),#grounding; #earthing; #barefoot; #forestbathing; #nature; #wellness; #health; #inflammation; #healing,NIH Grounding and Earthing (pmc.ncbi.nlm.nih.gov); Oura Ring Grounding (ouraring.com); Earthing Official (earthing.com)
8,Peptide Stacking Protocol,Synthetic peptide combinations for performance and recovery optimization,BPC-157; Body Protection Compound-157; TB-500; thymosin beta 4; Wolverine stack; peptide stack; growth hormone secretagogue; CJC-1295; Ipamorelin; muscle recovery peptides; tissue regeneration; injury recovery; sermorelin; IGF-1 LR3; MK-677; Ibutamoren,BPC-157 (driphydration.com); Body Protection Compound-157 (driphydration.com); TB-500 (driphydration.com); thymosin beta 4 (driphydration.com); Wolverine stack (driphydration.com); peptide stack (pliability.com); growth hormone secretagogue (pliability.com); CJC-1295 (pliability.com); Ipamorelin (pliability.com); muscle recovery peptides (pliability.com); tissue regeneration (driphydration.com); injury recovery (driphydration.com); sermorelin (pliability.com); IGF-1 LR3 (pliability.com); MK-677 (pliability.com); Ibutamoren (pliability.com),#peptides; #BPC157; #TB500; #peptidestack; #recovery; #musclebuilding; #performanceenhancement; #biohacking; #peptidetherapy; #tissuerepair,Drip Hydration Wolverine Stack (driphydration.com); Pliability Peptides Athletic Performance (pliability.com); ExcelMale BPC-157 (www.excelmale.com); Anderson Longevity CJC-1295 (andersonlongevityclinic.com)
9,Red Light Therapy Optimization,"Photobiomodulation for recovery, performance, and skin health",Red light therapy; RLT; photobiomodulation; PBM; low-level laser therapy; LLLT; near-infrared; NIR; light-emitting diode therapy; LEDT; soft laser therapy; cold laser therapy; low-power laser therapy; biostimulation; red light protocol,Red light therapy (my.clevelandclinic.org); RLT (my.clevelandclinic.org); photobiomodulation (pmc.ncbi.nlm.nih.gov); PBM (pmc.ncbi.nlm.nih.gov); low-level laser therapy (my.clevelandclinic.org); LLLT (pmc.ncbi.nlm.nih.gov); near-infrared (pmc.ncbi.nlm.nih.gov); NIR (pmc.ncbi.nlm.nih.gov); light-emitting diode therapy (my.clevelandclinic.org); LEDT (pmc.ncbi.nlm.nih.gov); soft laser therapy (my.clevelandclinic.org); cold laser therapy (my.clevelandclinic.org); low-power laser therapy (my.clevelandclinic.org); biostimulation (my.clevelandclinic.org); red light protocol (www.youlumistore.com),#redlighttherapy; #photobiomodulation; #infrared; #recovery; #antiaging; #skinhealth; #performance; #biohacking; #healing; #lighttherapy,Cleveland Clinic Red Light Therapy (my.clevelandclinic.org); NIH Photobiomodulation (pmc.ncbi.nlm.nih.gov); YoulumiStore Red Light Protocol (www.youlumistore.com)
10,Longevity Stack Protocol,Strategically combined supplement stacks targeting aging reversal,Longevity stack; anti-aging supplement; cellular health; David Sinclair protocol; fisetin; spermidine; taurine; resveratrol; metformin; vitamin D3; K2; NMN; TMG; trimethylglycine; supplement stack; aging optimization,Longevity stack (mitohealth.com); anti-aging supplement (mitohealth.com); cellular health (mitohealth.com); David Sinclair protocol (mitohealth.com); fisetin (pmc.ncbi.nlm.nih.gov); spermidine (mitohealth.com); taurine (mitohealth.com); resveratrol (mitohealth.com); metformin (www.clarus-health.com); vitamin D3 (mitohealth.com); K2 (mitohealth.com); NMN (mitohealth.com); TMG (mitohealth.com); trimethylglycine (mitohealth.com); supplement stack (mitohealth.com); aging optimization (mitohealth.com),#longevitystack; #antiaging; #supplements; #longevity; #cellularhealth; #biohacking; #healthspan; #aging; #senolytic; #mitochondrial,Mito Health Longevity Supplements (mitohealth.com); NIH Fisetin Senotherapeutic (pmc.ncbi.nlm.nih.gov); Clarus Health Metformin (www.clarus-health.com)
11,Wearable Sleep Score Optimization,"Device-driven sleep protocol optimization via Oura, Whoop, and similar trackers",Sleep optimization; HRV optimization; heart rate variability; Oura Ring; Oura score; Whoop; Whoop 3.0; Whoop strain; sleep protocol; sleep tracking; sleep metrics; wearable device; Apple Watch; Garmin; recovery monitoring; sleep stage,Sleep optimization (tryrook.io); HRV optimization (tryrook.io); heart rate variability (pmc.ncbi.nlm.nih.gov); Oura Ring (pmc.ncbi.nlm.nih.gov); Oura score (ouraring.com); Whoop (pmc.ncbi.nlm.nih.gov); Whoop 3.0 (pmc.ncbi.nlm.nih.gov); Whoop strain (tryrook.io); sleep protocol (tryrook.io); sleep tracking (pmc.ncbi.nlm.nih.gov); sleep metrics (ouraring.com); wearable device (pmc.ncbi.nlm.nih.gov); Apple Watch (pmc.ncbi.nlm.nih.gov); Garmin (pmc.ncbi.nlm.nih.gov); recovery monitoring (tryrook.io); sleep stage (pmc.ncbi.nlm.nih.gov),#sleepoptimization; #HRV; #Oura; #WHOOP; #sleeptracking; #wellness; #recovery; #biohacking; #sleepquality; #wearables; #healthdata,ROOK Oura vs Whoop (tryrook.io); NIH Sleep Wearable Validation (pmc.ncbi.nlm.nih.gov); Oura Ring Sleep Guide (ouraring.com)
12,Hyperoxia Training Protocol,Oxygen-based biohacking and elevated oxygen conditioning,EWOT; Exercise With Oxygen Therapy; oxygen therapy; exercise oxygen training; hyperoxia; high oxygen; oxygen enhanced exercise; oxygen conditioning; VO2 max; oxygen concentrator; oxygen training; oxygen multistep therapy; exercise bike oxygen,EWOT (optimalbreathing.com); Exercise With Oxygen Therapy (optimalbreathing.com); oxygen therapy (optimalbreathing.com); exercise oxygen training (optimalbreathing.com); hyperoxia (optimalbreathing.com); high oxygen (ewot.com); oxygen enhanced exercise (optimalbreathing.com); oxygen conditioning (optimalbreathing.com); VO2 max (optimalbreathing.com); oxygen concentrator (optimalbreathing.com); oxygen training (ewot.com); oxygen multistep therapy (optimalbreathing.com); exercise bike oxygen (ewot.com),#EWOT; #oxygen; #exercisewithoxygen; #performance; #recovery; #biohacking; #athletictraining; #hyperoxia; #VO2max; #fitness,Optimal Breathing EWOT (optimalbreathing.com); EWOT Official (ewot.com); EWOT 2026 (ewot.com)
